"DESCRIPTION","DURATION IN MS","NAME","PARENT SUITE","START TIME","STATUS","STOP TIME","SUB SUITE","SUITE","TEST CLASS","TEST METHOD"
"","2087","TC06 - Scroll page","webkit","2026-04-01","passed","2026-04-01","","cart.spec.js","",""
"","3857","API booking history retrieval after login","firefox","2026-04-01","passed","2026-04-01","","paymentAPI.spec.js","",""
"","3894","TC03 - Click Mathematics","chromium","2026-04-01","passed","2026-04-01","","service.spec.js","",""
"","6993","TC07 - Long name","firefox","2026-04-01","passed","2026-04-01","Signup Test Cases","signup.spec.js","",""
"","3805","TC11 - Name with spaces","chromium","2026-04-01","passed","2026-04-01","Signup Test Cases","signup.spec.js","",""
"","3428","TC09 - Reload page","webkit","2026-04-01","passed","2026-04-01","","contact.spec.js","",""
"","15","TC11 - Navigate to Sign Up page","firefox","2026-04-01","skipped","2026-04-01","","login.spec.js","",""
"","3281","TC09 - Scroll page","chromium","2026-04-01","passed","2026-04-01","","payment.spec.js","",""
"","320","API booking creation without authentication shows error","webkit","2026-04-01","passed","2026-04-01","","paymentAPI.spec.js","",""
"","2267","TC06 - Click Biology","firefox","2026-04-01","passed","2026-04-01","","service.spec.js","",""
"","2763","TC02 - URL contains cart","firefox","2026-04-01","passed","2026-04-01","","cart.spec.js","",""
"","3423","TC17 - Alphabet password","webkit","2026-04-01","passed","2026-04-01","Signup Test Cases","signup.spec.js","",""
"","11993","TC08 - Special char name","firefox","2026-04-01","passed","2026-04-01","Signup Test Cases","signup.spec.js","",""
"","2458","TC18 - Double click input field","chromium","2026-04-01","passed","2026-04-01","","contact.spec.js","",""
"","2940","TC02 - Invalid email","chromium","2026-04-01","passed","2026-04-01","Signup Test Cases","signup.spec.js","",""
"","2001","TC02 - Checkout button check (safe)","chromium","2026-04-01","passed","2026-04-01","","cart.spec.js","",""
"","3048","TC10 - Scroll page","webkit","2026-04-01","passed","2026-04-01","","contact.spec.js","",""
"","3054","TC20 - Fields remain visible","firefox","2026-04-01","passed","2026-04-01","","contact.spec.js","",""
"","3061","TC13 - Multiple reload","chromium","2026-04-01","passed","2026-04-01","","cart.spec.js","",""
"","4358","TC03 - Click View Profile","firefox","2026-04-01","passed","2026-04-01","","payment.spec.js","",""
"","4100","TC18 - Click Music","chromium","2026-04-01","passed","2026-04-01","","service.spec.js","",""
"","3420","TC17 - Tab navigation between fields","webkit","2026-04-01","passed","2026-04-01","","contact.spec.js","",""
"","2886","TC17 - Cart page not empty","firefox","2026-04-01","passed","2026-04-01","","cart.spec.js","",""
"","2428","TC16 - Invalid password","firefox","2026-04-01","passed","2026-04-01","","login.spec.js","",""
"","3307","TC03 - Missing email","chromium","2026-04-01","passed","2026-04-01","Signup Test Cases","signup.spec.js","",""
"","3861","TC18 - Refresh after click","chromium","2026-04-01","passed","2026-04-01","","payment.spec.js","",""
"","2627","TC02 - Subject cards visible","firefox","2026-04-01","passed","2026-04-01","","service.spec.js","",""
"","3692","TC06 - Only email entered","firefox","2026-04-01","passed","2026-04-01","","login.spec.js","",""
"","12299","TC06 - Invalid email format","firefox","2026-04-01","passed","2026-04-01","Signup Test Cases","signup.spec.js","",""
"","3699","TC13 - Strong password","chromium","2026-04-01","passed","2026-04-01","Signup Test Cases","signup.spec.js","",""
"","2040","TC04 - Checkout button check","webkit","2026-04-01","passed","2026-04-01","","cart.spec.js","",""
"","3561","TC14 - Navigate home","webkit","2026-04-01","passed","2026-04-01","","service.spec.js","",""
"","3758","TC04 - Login with invalid password","webkit","2026-04-01","passed","2026-04-01","","login.spec.js","",""
"","3647","TC12 - Profile count check","chromium","2026-04-01","passed","2026-04-01","","payment.spec.js","",""
"","5980","TC02 - Checkout button check (safe)","firefox","2026-04-01","passed","2026-04-01","","cart.spec.js","",""
"","3475","TC09 - Double click body","chromium","2026-04-01","passed","2026-04-01","","cart.spec.js","",""
"","4605","TC13 - Click last profile","chromium","2026-04-01","passed","2026-04-01","","payment.spec.js","",""
"","4292","TC12 - Verify input fields accept values","firefox","2026-04-01","passed","2026-04-01","","login.spec.js","",""
"","2861","TC02 - Login with valid credentials","chromium","2026-04-01","passed","2026-04-01","","login.spec.js","",""
"","3573","TC06 - Click Biology","chromium","2026-04-01","passed","2026-04-01","","service.spec.js","",""
"","1804","TC02 - URL contains cart","webkit","2026-04-01","passed","2026-04-01","","cart.spec.js","",""
"","2672","TC04 - Missing password","chromium","2026-04-01","passed","2026-04-01","Signup Test Cases","signup.spec.js","",""
"","3365","TC18 - Empty login","chromium","2026-04-01","passed","2026-04-01","","login.spec.js","",""
"","3079","TC12 - Profile count check","webkit","2026-04-01","passed","2026-04-01","","payment.spec.js","",""
"","3531","TC16 - Scroll and click","firefox","2026-04-01","passed","2026-04-01","","payment.spec.js","",""
"","4216","TC04 - Missing password","webkit","2026-04-01","passed","2026-04-01","Signup Test Cases","signup.spec.js","",""
"","6737","TC16 - Invalid password","chromium","2026-04-01","passed","2026-04-01","","login.spec.js","",""
"","2852","TC15 - Email with spaces","webkit","2026-04-01","passed","2026-04-01","","contact.spec.js","",""
"","2502","TC10 - Page content exists","chromium","2026-04-01","passed","2026-04-01","","cart.spec.js","",""
"","3955","TC02 - Name field visible","webkit","2026-04-01","passed","2026-04-01","","payment.spec.js","",""
"","3744","TC20 - Only password","chromium","2026-04-01","passed","2026-04-01","","login.spec.js","",""
"","2357","TC01 - Login page loads","firefox","2026-04-01","passed","2026-04-01","","login.spec.js","",""
"","3718","TC25 - Refresh subjects page","webkit","2026-04-01","passed","2026-04-01","","service.spec.js","",""
"","3303","TC03 - Empty form","firefox","2026-04-01","passed","2026-04-01","","contact.spec.js","",""
"","4120","TC03 - Missing email","webkit","2026-04-01","passed","2026-04-01","Signup Test Cases","signup.spec.js","",""
"","3160","TC17 - Alphabet password","firefox","2026-04-01","passed","2026-04-01","Signup Test Cases","signup.spec.js","",""
"","30213","TC06 - Hover profile","firefox","2026-04-01","broken","2026-04-01","","payment.spec.js","",""
"","2588","TC18 - Click Music","firefox","2026-04-01","passed","2026-04-01","","service.spec.js","",""
"","4964","TC11 - Scroll page","chromium","2026-04-01","passed","2026-04-01","","service.spec.js","",""
"","2992","TC14 - Short name","firefox","2026-04-01","passed","2026-04-01","Signup Test Cases","signup.spec.js","",""
"","324","API booking creation without authentication shows error","firefox","2026-04-01","passed","2026-04-01","","paymentAPI.spec.js","",""
"","4752","TC08 - Invalid email format","chromium","2026-04-01","passed","2026-04-01","","login.spec.js","",""
"","3366","TC05 - Empty login submission","webkit","2026-04-01","passed","2026-04-01","","login.spec.js","",""
"","4525","API payment processing with invalid booking ID shows error","chromium","2026-04-01","passed","2026-04-01","","paymentAPI.spec.js","",""
"","2828","TC12 - Hover card","chromium","2026-04-01","passed","2026-04-01","","service.spec.js","",""
"","4176","TC15 - URL validation after click","webkit","2026-04-01","passed","2026-04-01","","payment.spec.js","",""
"","3648","TC10 - Forgot password link click","webkit","2026-04-01","passed","2026-04-01","","login.spec.js","",""
"","4740","TC04 - Invalid email format","firefox","2026-04-01","passed","2026-04-01","","contact.spec.js","",""
"","5388","TC03 - Navigate teacher profile","chromium","2026-04-01","passed","2026-04-01","","payment.spec.js","",""
"","3467","TC06 - Only email","firefox","2026-04-01","passed","2026-04-01","","contact.spec.js","",""
"","2345","TC16 - Music subject visible","chromium","2026-04-01","passed","2026-04-01","","service.spec.js","",""
"","2923","TC01 - Login page loads","webkit","2026-04-01","passed","2026-04-01","","login.spec.js","",""
"","3188","TC01 - Contact fields visible","chromium","2026-04-01","passed","2026-04-01","","contact.spec.js","",""
"","4135","TC17 - Back after profile","webkit","2026-04-01","passed","2026-04-01","","payment.spec.js","",""
"","3789","TC19 - Empty email","webkit","2026-04-01","passed","2026-04-01","Signup Test Cases","signup.spec.js","",""
"","4440","TC09 - Click History","chromium","2026-04-01","passed","2026-04-01","","service.spec.js","",""
"","3202","TC01 - Subjects page loads","webkit","2026-04-01","passed","2026-04-01","","service.spec.js","",""
"","3690","API payment processing with invalid card details shows error","chromium","2026-04-01","passed","2026-04-01","","paymentAPI.spec.js","",""
"","3085","TC09 - Password masking check","webkit","2026-04-01","passed","2026-04-01","","login.spec.js","",""
"","3299","TC09 - Navigate back","chromium","2026-04-01","passed","2026-04-01","","payment.spec.js","",""
"","4418","TC07 - Click Computer Science","firefox","2026-04-01","passed","2026-04-01","","service.spec.js","",""
"","3957","TC09 - Password masking check","chromium","2026-04-01","passed","2026-04-01","","login.spec.js","",""
"","2638","TC05 - Uppercase name","chromium","2026-04-01","passed","2026-04-01","Signup Test Cases","signup.spec.js","",""
"","3899","TC16 - Numeric password","webkit","2026-04-01","passed","2026-04-01","Signup Test Cases","signup.spec.js","",""
"","13507","TC10 - Page content exists","webkit","2026-04-01","passed","2026-04-01","","cart.spec.js","",""
"","3206","TC03 - Empty form","chromium","2026-04-01","passed","2026-04-01","","contact.spec.js","",""
"","3029","TC01 - Cart page loads","firefox","2026-04-01","passed","2026-04-01","","cart.spec.js","",""
"","3770","API booking creation with invalid data shows error","firefox","2026-04-01","passed","2026-04-01","","paymentAPI.spec.js","",""
"","2585","TC11 - Scroll page","firefox","2026-04-01","passed","2026-04-01","","service.spec.js","",""
"","8867","TC14 - Numeric name input","webkit","2026-04-01","passed","2026-04-01","","contact.spec.js","",""
"","2862","TC06 - Only email","webkit","2026-04-01","passed","2026-04-01","","contact.spec.js","",""
"","3242","TC03 - Login with invalid email","chromium","2026-04-01","passed","2026-04-01","","login.spec.js","",""
"","4702","TC10 - Forgot password link click","chromium","2026-04-01","passed","2026-04-01","","login.spec.js","",""
"","1410","get started link","webkit","2026-04-01","passed","2026-04-01","","example.spec.js","",""
"","3262","TC05 - Scroll page","chromium","2026-04-01","passed","2026-04-01","","payment.spec.js","",""
"","2478","TC05 - Scroll page","firefox","2026-04-01","passed","2026-04-01","","payment.spec.js","",""
"","3265","TC16 - Open cart multiple times","firefox","2026-04-01","passed","2026-04-01","","cart.spec.js","",""
"","2958","TC21 - Navigate to Contact","firefox","2026-04-01","passed","2026-04-01","","service.spec.js","",""
"","4881","TC09 - Reload page","firefox","2026-04-01","passed","2026-04-01","","contact.spec.js","",""
"","1596","TC09 - Scroll page","webkit","2026-04-01","passed","2026-04-01","","payment.spec.js","",""
"","2826","TC01 - Contact fields visible","webkit","2026-04-01","passed","2026-04-01","","contact.spec.js","",""
"","3996","TC07 - Special characters in name","chromium","2026-04-01","passed","2026-04-01","","contact.spec.js","",""
"","2494","TC18 - Click body","firefox","2026-04-01","passed","2026-04-01","","cart.spec.js","",""
"","1715","TC17 - Cart page not empty","webkit","2026-04-01","passed","2026-04-01","","cart.spec.js","",""
"","3913","TC08 - Clear and refill","chromium","2026-04-01","passed","2026-04-01","","contact.spec.js","",""
"","2741","TC05 - Only first name","firefox","2026-04-01","passed","2026-04-01","","contact.spec.js","",""
"","3590","TC08 - Reload page","chromium","2026-04-01","passed","2026-04-01","","payment.spec.js","",""
"","3660","TC18 - Click body","chromium","2026-04-01","passed","2026-04-01","","cart.spec.js","",""
"","2886","TC08 - Hover checkout","chromium","2026-04-01","passed","2026-04-01","","cart.spec.js","",""
"","4417","TC14 - Scroll up and down","firefox","2026-04-01","passed","2026-04-01","","cart.spec.js","",""
"","5795","TC12 - Verify input fields accept values","chromium","2026-04-01","passed","2026-04-01","","login.spec.js","",""
"","2148","TC06 - Scroll page","firefox","2026-04-01","passed","2026-04-01","","cart.spec.js","",""
"","2780","TC11 - Navigate back","chromium","2026-04-01","passed","2026-04-01","","cart.spec.js","",""
"","3126","TC02 - Subject cards visible","webkit","2026-04-01","passed","2026-04-01","","service.spec.js","",""
"","3068","TC12 - Modify input values","webkit","2026-04-01","passed","2026-04-01","","contact.spec.js","",""
"","3397","TC14 - Refresh page after entering data","chromium","2026-04-01","passed","2026-04-01","","login.spec.js","",""
"","4330","TC13 - Click last profile","webkit","2026-04-01","passed","2026-04-01","","payment.spec.js","",""
"","2731","TC15 - Long email","chromium","2026-04-01","passed","2026-04-01","Signup Test Cases","signup.spec.js","",""
"","4538","TC01 - Valid signup","firefox","2026-04-01","passed","2026-04-01","Signup Test Cases","signup.spec.js","",""
"","5591","TC09 - Numeric name","firefox","2026-04-01","passed","2026-04-01","Signup Test Cases","signup.spec.js","",""
"","4362","TC07 - Reload page","chromium","2026-04-01","passed","2026-04-01","","cart.spec.js","",""
"","3321","TC22 - Navigate to Find a Teacher","webkit","2026-04-01","passed","2026-04-01","","service.spec.js","",""
"","3727","TC10 - Forgot password link click","firefox","2026-04-01","passed","2026-04-01","","login.spec.js","",""
"","4226","TC08 - Scroll cart","chromium","2026-04-01","passed","2026-04-01","","cart.spec.js","",""
"","2595","TC03 - Missing email","firefox","2026-04-01","passed","2026-04-01","Signup Test Cases","signup.spec.js","",""
"","4148","TC16 - Scroll and click","webkit","2026-04-01","passed","2026-04-01","","payment.spec.js","",""
"","3177","TC07 - Click Computer Science","webkit","2026-04-01","passed","2026-04-01","","service.spec.js","",""
"","3854","TC13 - Multiple clicks on Sign In button","firefox","2026-04-01","passed","2026-04-01","","login.spec.js","",""
"","4876","TC18 - Refresh after click","webkit","2026-04-01","passed","2026-04-01","","payment.spec.js","",""
"","4746","TC09 - Numeric name","webkit","2026-04-01","passed","2026-04-01","Signup Test Cases","signup.spec.js","",""
"","2372","TC06 - Scroll page","chromium","2026-04-01","passed","2026-04-01","","cart.spec.js","",""
"","4425","TC13 - Multiple clicks (fixed)","firefox","2026-04-01","passed","2026-04-01","","service.spec.js","",""
"","3762","TC16 - Invalid password","webkit","2026-04-01","passed","2026-04-01","","login.spec.js","",""
"","2536","TC05 - Click Chemistry","firefox","2026-04-01","passed","2026-04-01","","service.spec.js","",""
"","4272","API payment processing with invalid booking ID shows error","firefox","2026-04-01","passed","2026-04-01","","paymentAPI.spec.js","",""
"","3309","TC03 - Click Mathematics","webkit","2026-04-01","passed","2026-04-01","","service.spec.js","",""
"","3833","TC10 - Click Economics","chromium","2026-04-01","passed","2026-04-01","","service.spec.js","",""
"","3954","TC11 - At least one profile present","chromium","2026-04-01","passed","2026-04-01","","payment.spec.js","",""
"","5098","API payment processing after booking","chromium","2026-04-01","passed","2026-04-01","","paymentAPI.spec.js","",""
"","2959","TC19 - Click Art","chromium","2026-04-01","passed","2026-04-01","","service.spec.js","",""
"","1827","TC01 - Payment page loads","webkit","2026-04-01","passed","2026-04-01","","payment.spec.js","",""
"","3520","TC07 - Click Computer Science","chromium","2026-04-01","passed","2026-04-01","","service.spec.js","",""
"","3895","TC05 - Uppercase name","webkit","2026-04-01","passed","2026-04-01","Signup Test Cases","signup.spec.js","",""
"","3305","TC01 - Valid signup","chromium","2026-04-01","passed","2026-04-01","Signup Test Cases","signup.spec.js","",""
"","30210","TC04 - Click Physics","firefox","2026-04-01","broken","2026-04-01","","service.spec.js","",""
"","3663","TC07 - Special characters in name","firefox","2026-04-01","passed","2026-04-01","","contact.spec.js","",""
"","4168","TC07 - Click second profile","webkit","2026-04-01","passed","2026-04-01","","payment.spec.js","",""
"","3640","TC17 - Back after profile","chromium","2026-04-01","passed","2026-04-01","","payment.spec.js","",""
"","2294","TC12 - Navigate forward","webkit","2026-04-01","passed","2026-04-01","","cart.spec.js","",""
"","30163","TC10 - Search field visible","chromium","2026-04-01","broken","2026-04-01","","payment.spec.js","",""
"","3443","TC11 - At least one profile present","webkit","2026-04-01","passed","2026-04-01","","payment.spec.js","",""
"","3973","TC03 - Click View Profile","webkit","2026-04-01","passed","2026-04-01","","payment.spec.js","",""
"","2130","TC09 - Navigate back","firefox","2026-04-01","passed","2026-04-01","","payment.spec.js","",""
"","2653","TC09 - Reload cart","webkit","2026-04-01","passed","2026-04-01","","cart.spec.js","",""
"","3223","TC11 - Fill and verify all fields","chromium","2026-04-01","passed","2026-04-01","","contact.spec.js","",""
"","2265","TC08 - Hover checkout","firefox","2026-04-01","passed","2026-04-01","","cart.spec.js","",""
"","2698","TC04 - Login with invalid password","firefox","2026-04-01","passed","2026-04-01","","login.spec.js","",""
"","3285","TC24 - Footer visible","webkit","2026-04-01","passed","2026-04-01","","service.spec.js","",""
"","3390","TC09 - Click History","firefox","2026-04-01","passed","2026-04-01","","service.spec.js","",""
"","3174","TC08 - Click English","webkit","2026-04-01","passed","2026-04-01","","service.spec.js","",""
"","3161","TC01 - Login page loads","chromium","2026-04-01","passed","2026-04-01","","login.spec.js","",""
"","4061","TC01 - Cart page basic validation","firefox","2026-04-01","passed","2026-04-01","","cart.spec.js","",""
"","3907","TC07 - Only password entered","webkit","2026-04-01","passed","2026-04-01","","login.spec.js","",""
"","3920","TC04 - Multiple teachers visible","webkit","2026-04-01","passed","2026-04-01","","payment.spec.js","",""
"","2069","TC04 - Checkout button check","chromium","2026-04-01","passed","2026-04-01","","cart.spec.js","",""
"","4291","TC09 - Reload cart","chromium","2026-04-01","passed","2026-04-01","","cart.spec.js","",""
"","3079","TC20 - Empty password","firefox","2026-04-01","passed","2026-04-01","Signup Test Cases","signup.spec.js","",""
"","4646","TC19 - Wait for cart page load","chromium","2026-04-01","passed","2026-04-01","","cart.spec.js","",""
"","3494","TC19 - Only email","chromium","2026-04-01","passed","2026-04-01","","login.spec.js","",""
"","2854","TC15 - Email with spaces","firefox","2026-04-01","passed","2026-04-01","","contact.spec.js","",""
"","1865","TC08 - Hover checkout","webkit","2026-04-01","passed","2026-04-01","","cart.spec.js","",""
"","3338","TC05 - Only first name","chromium","2026-04-01","passed","2026-04-01","","contact.spec.js","",""
"","3037","TC10 - Reload page","webkit","2026-04-01","passed","2026-04-01","","payment.spec.js","",""
"","3024","TC01 - Navigate to teachers page","webkit","2026-04-01","passed","2026-04-01","","payment.spec.js","",""
"","3300","TC18 - Double click input field","webkit","2026-04-01","passed","2026-04-01","","contact.spec.js","",""
"","2419","TC14 - Scroll up and down","chromium","2026-04-01","passed","2026-04-01","","cart.spec.js","",""
"","2815","TC19 - Only email","firefox","2026-04-01","passed","2026-04-01","","login.spec.js","",""
"","4783","TC20 - Empty password","chromium","2026-04-01","passed","2026-04-01","Signup Test Cases","signup.spec.js","",""
"","5076","TC20 - Search input typing","chromium","2026-04-01","passed","2026-04-01","","payment.spec.js","",""
"","2998","TC05 - Scroll page","webkit","2026-04-01","passed","2026-04-01","","payment.spec.js","",""
"","2972","TC20 - Search input typing","webkit","2026-04-01","passed","2026-04-01","","payment.spec.js","",""
"","3209","TC10 - Search field visible","webkit","2026-04-01","passed","2026-04-01","","payment.spec.js","",""
"","2910","TC08 - Clear and refill","firefox","2026-04-01","passed","2026-04-01","","contact.spec.js","",""
"","3229","TC14 - Short name","chromium","2026-04-01","passed","2026-04-01","Signup Test Cases","signup.spec.js","",""
"","4924","TC19 - Multiple navigation","webkit","2026-04-01","passed","2026-04-01","","payment.spec.js","",""
"","4489","TC11 - Name with spaces","webkit","2026-04-01","passed","2026-04-01","Signup Test Cases","signup.spec.js","",""
"","2998","TC09 - Navigate back","webkit","2026-04-01","passed","2026-04-01","","payment.spec.js","",""
"","4","TC11 - Navigate to Sign Up page","webkit","2026-04-01","skipped","2026-04-01","","login.spec.js","",""
"","3058","TC12 - Navigate forward","firefox","2026-04-01","passed","2026-04-01","","cart.spec.js","",""
"","3645","TC06 - Only email entered","webkit","2026-04-01","passed","2026-04-01","","login.spec.js","",""
"","3908","TC02 - Name field visible","firefox","2026-04-01","passed","2026-04-01","","payment.spec.js","",""
"","3998","TC14 - Short name","webkit","2026-04-01","passed","2026-04-01","Signup Test Cases","signup.spec.js","",""
"","4666","API payment processing after booking","webkit","2026-04-01","passed","2026-04-01","","paymentAPI.spec.js","",""
"","2487","TC18 - Click body","webkit","2026-04-01","passed","2026-04-01","","cart.spec.js","",""
"","3096","TC11 - Scroll page","webkit","2026-04-01","passed","2026-04-01","","service.spec.js","",""
"","2986","TC08 - Scroll cart","firefox","2026-04-01","passed","2026-04-01","","cart.spec.js","",""
"","30146","TC05 - Uppercase name","firefox","2026-04-01","broken","2026-04-01","Signup Test Cases","signup.spec.js","",""
"","4145","API payment processing with invalid booking ID shows error","webkit","2026-04-01","passed","2026-04-01","","paymentAPI.spec.js","",""
"","7356","TC20 - Home to cart navigation","chromium","2026-04-01","failed","2026-04-01","","cart.spec.js","",""
"","20496","TC14 - Navigate home","chromium","2026-04-01","passed","2026-04-01","","service.spec.js","",""
"","2769","TC13 - Uppercase name input","firefox","2026-04-01","passed","2026-04-01","","contact.spec.js","",""
"","1580","TC11 - Navigate back","webkit","2026-04-01","passed","2026-04-01","","cart.spec.js","",""
"","2946","TC09 - Numeric name","chromium","2026-04-01","passed","2026-04-01","Signup Test Cases","signup.spec.js","",""
"","3279","TC18 - Double click input field","firefox","2026-04-01","passed","2026-04-01","","contact.spec.js","",""
"","1499","get started link","chromium","2026-04-01","passed","2026-04-01","","example.spec.js","",""
"","4035","TC02 - View Profile visible","webkit","2026-04-01","passed","2026-04-01","","payment.spec.js","",""
"","3943","TC19 - Only email","webkit","2026-04-01","passed","2026-04-01","","login.spec.js","",""
"","3929","TC05 - Empty login submission","chromium","2026-04-01","passed","2026-04-01","","login.spec.js","",""
"","2770","TC19 - Empty email","firefox","2026-04-01","passed","2026-04-01","Signup Test Cases","signup.spec.js","",""
"","274","TC11 - Navigate to Sign Up page","chromium","2026-04-01","skipped","2026-04-01","","login.spec.js","",""
"","2344","TC01 - Cart page basic validation","webkit","2026-04-01","passed","2026-04-01","","cart.spec.js","",""
"","5352","TC13 - Multiple clicks on Sign In button","webkit","2026-04-01","passed","2026-04-01","","login.spec.js","",""
"","4411","Create session and save login state","chromium","2026-04-01","passed","2026-04-01","","session.spec.js","",""
"","6907","Create session and save login state","webkit","2026-04-01","passed","2026-04-01","","session.spec.js","",""
"","2702","TC20 - Only password","firefox","2026-04-01","passed","2026-04-01","","login.spec.js","",""
"","1928","TC09 - Double click body","webkit","2026-04-01","passed","2026-04-01","","cart.spec.js","",""
"","7019","TC16 - Open cart multiple times","webkit","2026-04-01","passed","2026-04-01","","cart.spec.js","",""
"","2965","Create session and save login state","firefox","2026-04-01","passed","2026-04-01","","session.spec.js","",""
"","3670","TC12 - Email uppercase","webkit","2026-04-01","passed","2026-04-01","Signup Test Cases","signup.spec.js","",""
"","2543","TC05 - Click checkout safe","firefox","2026-04-01","passed","2026-04-01","","cart.spec.js","",""
"","4998","TC09 - Reload page","chromium","2026-04-01","passed","2026-04-01","","contact.spec.js","",""
"","2778","TC03 - Navigate teacher profile","firefox","2026-04-01","passed","2026-04-01","","payment.spec.js","",""
"","3965","TC10 - Scroll page","chromium","2026-04-01","passed","2026-04-01","","contact.spec.js","",""
"","3520","TC09 - Click History","webkit","2026-04-01","passed","2026-04-01","","service.spec.js","",""
"","2868","TC14 - Numeric name input","chromium","2026-04-01","passed","2026-04-01","","contact.spec.js","",""
"","5857","TC21 - Navigate to Contact","chromium","2026-04-01","passed","2026-04-01","","service.spec.js","",""
"","2989","TC08 - Invalid email format","firefox","2026-04-01","passed","2026-04-01","","login.spec.js","",""
"","2397","TC01 - Subjects page loads","firefox","2026-04-01","passed","2026-04-01","","service.spec.js","",""
"","1711","TC01 - Cart page basic validation","chromium","2026-04-01","passed","2026-04-01","","cart.spec.js","",""
"","3320","TC10 - Click Economics","webkit","2026-04-01","passed","2026-04-01","","service.spec.js","",""
"","4042","TC04 - Multiple teachers visible","chromium","2026-04-01","passed","2026-04-01","","payment.spec.js","",""
"","3075","TC07 - Reload page","firefox","2026-04-01","passed","2026-04-01","","cart.spec.js","",""
"","3257","TC19 - Click Art","webkit","2026-04-01","passed","2026-04-01","","service.spec.js","",""
"","3215","TC20 - Search input typing","firefox","2026-04-01","passed","2026-04-01","","payment.spec.js","",""
"","2795","TC17 - Art subject visible","webkit","2026-04-01","passed","2026-04-01","","service.spec.js","",""
"","3086","TC04 - Multiple teachers visible","firefox","2026-04-01","passed","2026-04-01","","payment.spec.js","",""
"","4018","TC16 - Clear email input","chromium","2026-04-01","passed","2026-04-01","","contact.spec.js","",""
"","2914","TC15 - Long email","firefox","2026-04-01","passed","2026-04-01","Signup Test Cases","signup.spec.js","",""
"","2995","TC02 - View Profile visible","firefox","2026-04-01","passed","2026-04-01","","payment.spec.js","",""
"","3964","TC07 - Long name","webkit","2026-04-01","passed","2026-04-01","Signup Test Cases","signup.spec.js","",""
"","2540","TC11 - Navigate back","firefox","2026-04-01","passed","2026-04-01","","cart.spec.js","",""
"","3235","TC02 - Fill valid details","chromium","2026-04-01","passed","2026-04-01","","contact.spec.js","",""
"","4385","TC20 - Only password","webkit","2026-04-01","passed","2026-04-01","","login.spec.js","",""
"","318","API payment processing without authentication shows error","chromium","2026-04-01","passed","2026-04-01","","paymentAPI.spec.js","",""
"","3251","TC08 - Special char name","chromium","2026-04-01","passed","2026-04-01","Signup Test Cases","signup.spec.js","",""
"","2419","TC12 - Hover card","firefox","2026-04-01","passed","2026-04-01","","service.spec.js","",""
"","3462","TC09 - Reload cart","firefox","2026-04-01","passed","2026-04-01","","cart.spec.js","",""
"","3200","TC09 - Scroll page","firefox","2026-04-01","passed","2026-04-01","","payment.spec.js","",""
"","2448","TC01 - Navigate to teachers page","chromium","2026-04-01","passed","2026-04-01","","payment.spec.js","",""
"","1703","TC01 - Cart page loads","chromium","2026-04-01","passed","2026-04-01","","cart.spec.js","",""
"","4246","TC18 - Refresh after click","firefox","2026-04-01","passed","2026-04-01","","payment.spec.js","",""
"","1040","has title","chromium","2026-04-01","passed","2026-04-01","","example.spec.js","",""
"","3031","TC14 - Double click profile","firefox","2026-04-01","passed","2026-04-01","","payment.spec.js","",""
"","3316","TC16 - Numeric password","firefox","2026-04-01","passed","2026-04-01","Signup Test Cases","signup.spec.js","",""
"","2852","TC01 - Payment page loads","firefox","2026-04-01","passed","2026-04-01","","payment.spec.js","",""
"","2692","TC07 - Only password entered","firefox","2026-04-01","passed","2026-04-01","","login.spec.js","",""
"","4287","TC06 - Hover profile","webkit","2026-04-01","passed","2026-04-01","","payment.spec.js","",""
"","311","API booking creation without authentication shows error","chromium","2026-04-01","passed","2026-04-01","","paymentAPI.spec.js","",""
"","4053","TC16 - Open cart multiple times","chromium","2026-04-01","passed","2026-04-01","","cart.spec.js","",""
"","3896","TC19 - Wait for cart page load","webkit","2026-04-01","passed","2026-04-01","","cart.spec.js","",""
"","30253","TC10 - Click Economics","firefox","2026-04-01","broken","2026-04-01","","service.spec.js","",""
"","2922","TC11 - At least one profile present","firefox","2026-04-01","passed","2026-04-01","","payment.spec.js","",""
"","4290","TC22 - Navigate to Find a Teacher","chromium","2026-04-01","passed","2026-04-01","","service.spec.js","",""
"","3106","TC04 - Click Physics","chromium","2026-04-01","passed","2026-04-01","","service.spec.js","",""
"","1240","get started link","firefox","2026-04-01","passed","2026-04-01","","example.spec.js","",""
"","2990","TC05 - Only first name","webkit","2026-04-01","passed","2026-04-01","","contact.spec.js","",""
"","2862","TC16 - Music subject visible","firefox","2026-04-01","passed","2026-04-01","","service.spec.js","",""
"","6722","API payment processing with invalid card details shows error","webkit","2026-04-01","passed","2026-04-01","","paymentAPI.spec.js","",""
"","2344","TC24 - Footer visible","firefox","2026-04-01","passed","2026-04-01","","service.spec.js","",""
"","6663","TC13 - Multiple clicks on Sign In button","chromium","2026-04-01","passed","2026-04-01","","login.spec.js","",""
"","3101","TC17 - Tab navigation between fields","firefox","2026-04-01","passed","2026-04-01","","contact.spec.js","",""
"","4381","TC14 - Double click profile","webkit","2026-04-01","passed","2026-04-01","","payment.spec.js","",""
"","2965","TC11 - Name with spaces","firefox","2026-04-01","passed","2026-04-01","Signup Test Cases","signup.spec.js","",""
"","3020","TC13 - Uppercase name input","webkit","2026-04-01","passed","2026-04-01","","contact.spec.js","",""
"","3265","TC07 - Special characters in name","webkit","2026-04-01","passed","2026-04-01","","contact.spec.js","",""
"","3082","TC02 - Fill valid details","webkit","2026-04-01","passed","2026-04-01","","contact.spec.js","",""
"","2367","TC17 - Art subject visible","firefox","2026-04-01","passed","2026-04-01","","service.spec.js","",""
"","3246","TC18 - Empty login","firefox","2026-04-01","passed","2026-04-01","","login.spec.js","",""
"","1815","TC01 - Cart page loads","webkit","2026-04-01","passed","2026-04-01","","cart.spec.js","",""
"","1987","TC14 - Scroll up and down","webkit","2026-04-01","passed","2026-04-01","","cart.spec.js","",""
"","3720","TC19 - Empty email","chromium","2026-04-01","passed","2026-04-01","Signup Test Cases","signup.spec.js","",""
"","5659","TC04 - Checkout button check","firefox","2026-04-01","passed","2026-04-01","","cart.spec.js","",""
"","3323","TC13 - Uppercase name input","chromium","2026-04-01","passed","2026-04-01","","contact.spec.js","",""
"","3816","TC15 - Reload page","webkit","2026-04-01","passed","2026-04-01","","service.spec.js","",""
"","3989","TC03 - Click View Profile","chromium","2026-04-01","passed","2026-04-01","","payment.spec.js","",""
"","3861","TC01 - Subjects page loads","chromium","2026-04-01","passed","2026-04-01","","service.spec.js","",""
"","4326","TC15 - Reload page","firefox","2026-04-01","passed","2026-04-01","","service.spec.js","",""
"","3231","TC12 - Verify input fields accept values","webkit","2026-04-01","passed","2026-04-01","","login.spec.js","",""
"","4219","TC19 - Multiple navigation","firefox","2026-04-01","passed","2026-04-01","","payment.spec.js","",""
"","4125","TC12 - Hover card","webkit","2026-04-01","passed","2026-04-01","","service.spec.js","",""
"","8316","TC20 - Home to cart navigation","webkit","2026-04-01","failed","2026-04-01","","cart.spec.js","",""
"","4912","TC17 - Back after profile","firefox","2026-04-01","passed","2026-04-01","","payment.spec.js","",""
"","3810","TC08 - Invalid email format","webkit","2026-04-01","passed","2026-04-01","","login.spec.js","",""
"","3187","TC01 - Payment page loads","chromium","2026-04-01","passed","2026-04-01","","payment.spec.js","",""
"","3365","TC02 - Fill valid details","firefox","2026-04-01","passed","2026-04-01","","contact.spec.js","",""
"","2831","TC05 - Empty login submission","firefox","2026-04-01","passed","2026-04-01","","login.spec.js","",""
"","3911","TC16 - Scroll and click","chromium","2026-04-01","passed","2026-04-01","","payment.spec.js","",""
"","3021","TC08 - Click English","firefox","2026-04-01","passed","2026-04-01","","service.spec.js","",""
"","4307","TC15 - Email with spaces","chromium","2026-04-01","passed","2026-04-01","","contact.spec.js","",""
"","2445","TC02 - Checkout button check (safe)","webkit","2026-04-01","passed","2026-04-01","","cart.spec.js","",""
"","4198","TC08 - Reload page","webkit","2026-04-01","passed","2026-04-01","","payment.spec.js","",""
"","2677","TC12 - Navigate forward","chromium","2026-04-01","passed","2026-04-01","","cart.spec.js","",""
"","3896","TC10 - Empty form","webkit","2026-04-01","passed","2026-04-01","Signup Test Cases","signup.spec.js","",""
"","4743","TC06 - Hover profile","chromium","2026-04-01","passed","2026-04-01","","payment.spec.js","",""
"","3875","TC19 - Rapid typing input","chromium","2026-04-01","passed","2026-04-01","","contact.spec.js","",""
"","2774","TC02 - Invalid email","firefox","2026-04-01","passed","2026-04-01","Signup Test Cases","signup.spec.js","",""
"","3253","TC11 - Fill and verify all fields","firefox","2026-04-01","passed","2026-04-01","","contact.spec.js","",""
"","3614","TC17 - Art subject visible","chromium","2026-04-01","passed","2026-04-01","","service.spec.js","",""
"","3860","TC25 - Refresh subjects page","firefox","2026-04-01","passed","2026-04-01","","service.spec.js","",""
"","6756","TC02 - View Profile visible","chromium","2026-04-01","passed","2026-04-01","","payment.spec.js","",""
"","2528","TC03 - Click Mathematics","firefox","2026-04-01","passed","2026-04-01","","service.spec.js","",""
"","2727","TC16 - Numeric password","chromium","2026-04-01","passed","2026-04-01","Signup Test Cases","signup.spec.js","",""
"","2621","TC22 - Navigate to Find a Teacher","firefox","2026-04-01","passed","2026-04-01","","service.spec.js","",""
"","3505","TC10 - Scroll page","firefox","2026-04-01","passed","2026-04-01","","contact.spec.js","",""
"","3037","TC03 - Login with invalid email","firefox","2026-04-01","passed","2026-04-01","","login.spec.js","",""
"","321","API payment processing without authentication shows error","webkit","2026-04-01","passed","2026-04-01","","paymentAPI.spec.js","",""
"","3741","TC02 - Login with valid credentials","webkit","2026-04-01","passed","2026-04-01","","login.spec.js","",""
"","3256","TC10 - Reload page","firefox","2026-04-01","passed","2026-04-01","","payment.spec.js","",""
"","3231","TC14 - Navigate home","firefox","2026-04-01","passed","2026-04-01","","service.spec.js","",""
"","3669","TC01 - Valid signup","webkit","2026-04-01","passed","2026-04-01","Signup Test Cases","signup.spec.js","",""
"","3435","TC16 - Clear email input","firefox","2026-04-01","passed","2026-04-01","","contact.spec.js","",""
"","3450","TC14 - Numeric name input","firefox","2026-04-01","passed","2026-04-01","","contact.spec.js","",""
"","3915","TC15 - Long email","webkit","2026-04-01","passed","2026-04-01","Signup Test Cases","signup.spec.js","",""
"","3012","TC13 - Strong password","firefox","2026-04-01","passed","2026-04-01","Signup Test Cases","signup.spec.js","",""
"","7285","TC08 - Click English","chromium","2026-04-01","passed","2026-04-01","","service.spec.js","",""
"","3279","TC13 - Click last profile","firefox","2026-04-01","passed","2026-04-01","","payment.spec.js","",""
"","5290","TC24 - Footer visible","chromium","2026-04-01","passed","2026-04-01","","service.spec.js","",""
"","3780","API booking history retrieval after login","chromium","2026-04-01","passed","2026-04-01","","paymentAPI.spec.js","",""
"","2833","TC17 - Tab navigation between fields","chromium","2026-04-01","passed","2026-04-01","","contact.spec.js","",""
"","2545","TC12 - Profile count check","firefox","2026-04-01","passed","2026-04-01","","payment.spec.js","",""
"","29717","API payment processing with invalid card details shows error","firefox","2026-04-01","passed","2026-04-01","","paymentAPI.spec.js","",""
"","2622","TC02 - Subject cards visible","chromium","2026-04-01","passed","2026-04-01","","service.spec.js","",""
"","3756","TC18 - Empty name","firefox","2026-04-01","passed","2026-04-01","Signup Test Cases","signup.spec.js","",""
"","3213","TC15 - Reload page","chromium","2026-04-01","passed","2026-04-01","","service.spec.js","",""
"","403","API booking history retrieval without authentication shows error","firefox","2026-04-01","passed","2026-04-01","","paymentAPI.spec.js","",""
"","320","API payment processing without authentication shows error","firefox","2026-04-01","passed","2026-04-01","","paymentAPI.spec.js","",""
"","4274","TC05 - Click Chemistry","chromium","2026-04-01","passed","2026-04-01","","service.spec.js","",""
"","3523","TC01 - Navigate to teachers page","firefox","2026-04-01","passed","2026-04-01","","payment.spec.js","",""
"","4152","TC03 - Navigate teacher profile","webkit","2026-04-01","passed","2026-04-01","","payment.spec.js","",""
"","13504","TC04 - Invalid email format","chromium","2026-04-01","passed","2026-04-01","","contact.spec.js","",""
"","6859","API booking creation with invalid data shows error","webkit","2026-04-01","passed","2026-04-01","","paymentAPI.spec.js","",""
"","3295","TC07 - Only password entered","chromium","2026-04-01","passed","2026-04-01","","login.spec.js","",""
"","3245","TC06 - Click Biology","webkit","2026-04-01","passed","2026-04-01","","service.spec.js","",""
"","2834","TC10 - Empty form","firefox","2026-04-01","passed","2026-04-01","Signup Test Cases","signup.spec.js","",""
"","3715","TC05 - Click Chemistry","webkit","2026-04-01","passed","2026-04-01","","service.spec.js","",""
"","1574","TC08 - Scroll cart","webkit","2026-04-01","passed","2026-04-01","","cart.spec.js","",""
"","2445","TC18 - Empty name","chromium","2026-04-01","passed","2026-04-01","Signup Test Cases","signup.spec.js","",""
"","3949","TC13 - Multiple reload","firefox","2026-04-01","passed","2026-04-01","","cart.spec.js","",""
"","3525","TC12 - Modify input values","firefox","2026-04-01","passed","2026-04-01","","contact.spec.js","",""
"","3067","TC08 - Reload page","firefox","2026-04-01","passed","2026-04-01","","payment.spec.js","",""
"","2276","TC10 - Search field visible","firefox","2026-04-01","passed","2026-04-01","","payment.spec.js","",""
"","3515","TC17 - Invalid email","firefox","2026-04-01","passed","2026-04-01","","login.spec.js","",""
"","30153","has title","firefox","2026-04-01","broken","2026-04-01","","example.spec.js","",""
"","3267","TC12 - Email uppercase","firefox","2026-04-01","passed","2026-04-01","Signup Test Cases","signup.spec.js","",""
"","5479","API booking creation with invalid data shows error","chromium","2026-04-01","passed","2026-04-01","","paymentAPI.spec.js","",""
"","2963","TC08 - Clear and refill","webkit","2026-04-01","passed","2026-04-01","","contact.spec.js","",""
"","3429","TC14 - Refresh page after entering data","webkit","2026-04-01","passed","2026-04-01","","login.spec.js","",""
"","4645","API payment processing after booking","firefox","2026-04-01","passed","2026-04-01","","paymentAPI.spec.js","",""
"","4192","TC07 - Click second profile","chromium","2026-04-01","passed","2026-04-01","","payment.spec.js","",""
"","30189","TC12 - Modify input values","chromium","2026-04-01","broken","2026-04-01","","contact.spec.js","",""
"","3172","TC16 - Music subject visible","webkit","2026-04-01","passed","2026-04-01","","service.spec.js","",""
"","5220","TC02 - Name field visible","chromium","2026-04-01","passed","2026-04-01","","payment.spec.js","",""
"","3393","TC05 - Click checkout safe","chromium","2026-04-01","passed","2026-04-01","","cart.spec.js","",""
"","2392","TC07 - Reload page","webkit","2026-04-01","passed","2026-04-01","","cart.spec.js","",""
"","5224","TC25 - Refresh subjects page","chromium","2026-04-01","passed","2026-04-01","","service.spec.js","",""
"","3488","TC20 - Empty password","webkit","2026-04-01","passed","2026-04-01","Signup Test Cases","signup.spec.js","",""
"","321","API booking history retrieval without authentication shows error","chromium","2026-04-01","passed","2026-04-01","","paymentAPI.spec.js","",""
"","4614","TC14 - Double click profile","chromium","2026-04-01","passed","2026-04-01","","payment.spec.js","",""
"","3451","TC06 - Invalid email format","chromium","2026-04-01","passed","2026-04-01","Signup Test Cases","signup.spec.js","",""
"","320","API booking history retrieval without authentication shows error","webkit","2026-04-01","passed","2026-04-01","","paymentAPI.spec.js","",""
"","2391","TC10 - Page content exists","firefox","2026-04-01","passed","2026-04-01","","cart.spec.js","",""
"","3864","TC13 - Strong password","webkit","2026-04-01","passed","2026-04-01","Signup Test Cases","signup.spec.js","",""
"","3504","TC10 - Empty form","chromium","2026-04-01","passed","2026-04-01","Signup Test Cases","signup.spec.js","",""
"","3987","TC18 - Empty login","webkit","2026-04-01","passed","2026-04-01","","login.spec.js","",""
"","3909","TC13 - Multiple clicks (fixed)","webkit","2026-04-01","passed","2026-04-01","","service.spec.js","",""
"","2388","TC02 - URL contains cart","chromium","2026-04-01","passed","2026-04-01","","cart.spec.js","",""
"","3933","TC06 - Invalid email format","webkit","2026-04-01","passed","2026-04-01","Signup Test Cases","signup.spec.js","",""
"","2803","TC09 - Double click body","firefox","2026-04-01","passed","2026-04-01","","cart.spec.js","",""
"","3378","TC04 - Missing password","firefox","2026-04-01","passed","2026-04-01","Signup Test Cases","signup.spec.js","",""
"","3075","TC20 - Fields remain visible","webkit","2026-04-01","passed","2026-04-01","","contact.spec.js","",""
"","3871","TC08 - Special char name","webkit","2026-04-01","passed","2026-04-01","Signup Test Cases","signup.spec.js","",""
"","4179","TC14 - Refresh page after entering data","firefox","2026-04-01","passed","2026-04-01","","login.spec.js","",""
"","3334","TC21 - Navigate to Contact","webkit","2026-04-01","passed","2026-04-01","","service.spec.js","",""
"","6280","TC17 - Invalid email","chromium","2026-04-01","passed","2026-04-01","","login.spec.js","",""
"","2990","TC07 - Click second profile","firefox","2026-04-01","passed","2026-04-01","","payment.spec.js","",""
"","2879","TC12 - Email uppercase","chromium","2026-04-01","passed","2026-04-01","Signup Test Cases","signup.spec.js","",""
"","2208","TC20 - Fields remain visible","chromium","2026-04-01","passed","2026-04-01","","contact.spec.js","",""
"","6127","TC06 - Only email","chromium","2026-04-01","passed","2026-04-01","","contact.spec.js","",""
"","2814","TC16 - Clear email input","webkit","2026-04-01","passed","2026-04-01","","contact.spec.js","",""
"","3274","TC06 - Only email entered","chromium","2026-04-01","passed","2026-04-01","","login.spec.js","",""
"","3408","TC01 - Contact fields visible","firefox","2026-04-01","passed","2026-04-01","","contact.spec.js","",""
"","5767","TC13 - Multiple clicks (fixed)","chromium","2026-04-01","passed","2026-04-01","","service.spec.js","",""
"","1543","TC05 - Click checkout safe","webkit","2026-04-01","passed","2026-04-01","","cart.spec.js","",""
"","3744","TC02 - Invalid email","webkit","2026-04-01","passed","2026-04-01","Signup Test Cases","signup.spec.js","",""
"","4858","TC19 - Wait for cart page load","firefox","2026-04-01","passed","2026-04-01","","cart.spec.js","",""
"","3696","TC18 - Click Music","webkit","2026-04-01","passed","2026-04-01","","service.spec.js","",""
"","30184","TC19 - Click Art","firefox","2026-04-01","broken","2026-04-01","","service.spec.js","",""
"","4680","TC15 - URL validation after click","firefox","2026-04-01","passed","2026-04-01","","payment.spec.js","",""
"","3327","TC04 - Invalid email format","webkit","2026-04-01","passed","2026-04-01","","contact.spec.js","",""
"","3475","TC04 - Click Physics","webkit","2026-04-01","passed","2026-04-01","","service.spec.js","",""
"","2134","TC17 - Cart page not empty","chromium","2026-04-01","passed","2026-04-01","","cart.spec.js","",""
"","3446","TC10 - Reload page","chromium","2026-04-01","passed","2026-04-01","","payment.spec.js","",""
"","933","has title","webkit","2026-04-01","passed","2026-04-01","","example.spec.js","",""
"","2542","TC07 - Long name","chromium","2026-04-01","passed","2026-04-01","Signup Test Cases","signup.spec.js","",""
"","2913","TC09 - Password masking check","firefox","2026-04-01","passed","2026-04-01","","login.spec.js","",""
"","3019","TC11 - Fill and verify all fields","webkit","2026-04-01","passed","2026-04-01","","contact.spec.js","",""
"","8980","TC03 - Empty form","webkit","2026-04-01","passed","2026-04-01","","contact.spec.js","",""
"","2907","TC02 - Login with valid credentials","firefox","2026-04-01","passed","2026-04-01","","login.spec.js","",""
"","2927","TC19 - Rapid typing input","firefox","2026-04-01","passed","2026-04-01","","contact.spec.js","",""
"","3823","TC19 - Multiple navigation","chromium","2026-04-01","passed","2026-04-01","","payment.spec.js","",""
"","8697","TC20 - Home to cart navigation","firefox","2026-04-01","failed","2026-04-01","","cart.spec.js","",""
"","3625","TC18 - Empty name","webkit","2026-04-01","passed","2026-04-01","Signup Test Cases","signup.spec.js","",""
"","4131","TC17 - Invalid email","webkit","2026-04-01","passed","2026-04-01","","login.spec.js","",""
"","4772","API booking history retrieval after login","webkit","2026-04-01","passed","2026-04-01","","paymentAPI.spec.js","",""
"","2705","TC13 - Multiple reload","webkit","2026-04-01","passed","2026-04-01","","cart.spec.js","",""
"","3763","TC03 - Login with invalid email","webkit","2026-04-01","passed","2026-04-01","","login.spec.js","",""
"","3009","TC19 - Rapid typing input","webkit","2026-04-01","passed","2026-04-01","","contact.spec.js","",""
"","3377","TC17 - Alphabet password","chromium","2026-04-01","passed","2026-04-01","Signup Test Cases","signup.spec.js","",""
"","3844","TC15 - URL validation after click","chromium","2026-04-01","passed","2026-04-01","","payment.spec.js","",""
"","4674","TC04 - Login with invalid password","chromium","2026-04-01","passed","2026-04-01","","login.spec.js","",""
